<?xml version="1.0" ?>
<LOG_ROOT>
	<PROJECT NAME="CPU_single">
		<CBX_INST_ENTRY INSTANCE_NAME="|CPU_single|GPR_group:inst11|GPR:inst|lpm_mux:Mux1" CBX_FILE_NAME="mux_umc.tdf"/>
		<CBX_INST_ENTRY INSTANCE_NAME="|CPU_single|GPR_group:inst11|GPR:inst|lpm_mux:Mux5" CBX_FILE_NAME="mux_umc.tdf"/>
		<CBX_INST_ENTRY INSTANCE_NAME="|CPU_single|RAM:inst21|lpm_mux:Mux2" CBX_FILE_NAME="mux_dqc.tdf"/>
		<CBX_INST_ENTRY INSTANCE_NAME="|CPU_single|RAM:inst21|lpm_mux:Mux6" CBX_FILE_NAME="mux_dqc.tdf"/>
		<CBX_INST_ENTRY INSTANCE_NAME="|CPU_single|GPR_group:inst11|GPR:inst|lpm_mux:Mux2" CBX_FILE_NAME="mux_umc.tdf"/>
		<CBX_INST_ENTRY INSTANCE_NAME="|CPU_single|GPR_group:inst11|GPR:inst|lpm_mux:Mux6" CBX_FILE_NAME="mux_umc.tdf"/>
		<CBX_INST_ENTRY INSTANCE_NAME="|CPU_single|RAM:inst21|lpm_mux:Mux3" CBX_FILE_NAME="mux_dqc.tdf"/>
		<CBX_INST_ENTRY INSTANCE_NAME="|CPU_single|RAM:inst21|lpm_mux:Mux7" CBX_FILE_NAME="mux_dqc.tdf"/>
		<CBX_INST_ENTRY INSTANCE_NAME="|CPU_single|GPR_group:inst11|GPR:inst|lpm_mux:Mux3" CBX_FILE_NAME="mux_umc.tdf"/>
		<CBX_INST_ENTRY INSTANCE_NAME="|CPU_single|GPR_group:inst11|GPR:inst|lpm_mux:Mux7" CBX_FILE_NAME="mux_umc.tdf"/>
		<CBX_INST_ENTRY INSTANCE_NAME="|CPU_single|RAM:inst21|lpm_mux:Mux0" CBX_FILE_NAME="mux_dqc.tdf"/>
		<CBX_INST_ENTRY INSTANCE_NAME="|CPU_single|RAM:inst21|lpm_mux:Mux4" CBX_FILE_NAME="mux_dqc.tdf"/>
		<CBX_INST_ENTRY INSTANCE_NAME="|CPU_single|GPR_group:inst11|GPR:inst|lpm_mux:Mux0" CBX_FILE_NAME="mux_umc.tdf"/>
		<CBX_INST_ENTRY INSTANCE_NAME="|CPU_single|GPR_group:inst11|GPR:inst|lpm_mux:Mux4" CBX_FILE_NAME="mux_umc.tdf"/>
		<CBX_INST_ENTRY INSTANCE_NAME="|CPU_single|RAM:inst21|lpm_mux:Mux1" CBX_FILE_NAME="mux_dqc.tdf"/>
		<CBX_INST_ENTRY INSTANCE_NAME="|CPU_single|RAM:inst21|lpm_mux:Mux5" CBX_FILE_NAME="mux_dqc.tdf"/>
	</PROJECT>
</LOG_ROOT>
